Media Handling,Pro,,Det,,Amb,,Con,,Tem,,Pre,,Spo,,Loy,,cases,,,,,,,MH Styles:      Definites:                                                                      Cases:
Style,,,,,,,,,,,,,,,,,1,2,3,4,5,,,
"Out, Unf",,,,,,,15,20,15,20,15,20,,,,,,,,,,,,"Out, Unf        Con 15-20, Tem 15-20, Pre 15-20                                                 0"
"Out, ST, Con",,,,,,,15,20,1,2,,,1,7,,,,,,,,,,"Out, ST, Con    Con 15-20, Tem 1-2, Spo 1-7                                                     0"
"Out, ST",,,,,,,15,20,1,2,,,8,20,,,,,,,,,,"Out, ST         Con 15-20, Tem 1-2, Spo 8-20                                                    0"
"Out, Vol, Con",,,,,,,15,20,3,6,,,1,7,,,,,,,,,,"Out, Vol, Con   Con 15-20, Tem 3-6, Spo 1-7                                                     0"
"Out, Vol",,,,,,,15,20,3,6,,,8,20,,,,,,,,,,"Out, Vol        Con 15-20, Tem 3-6, Spo 8-20                                                    0"
"Out, Con",,,,,,,15,20,7,7,,,1,7,,,,,,,,,,"Out, Con        Con 15-20, Tem 7, Spo 1-7                                                       34"
Out,,,,,,,15,20,7,20,,,,,,,,,3,4,,,,"Out             Con 15-20, Tem 7-20                                                             34"
,,,,,,,,,,,,,,,,,,,,,,,, 
"Eva, Unf",15,20,,,,,1,14,15,15,15,20,,,,,,,,,,,,"Eva, Unf        Con 1-14, Tem 15, Pre 15-20, Pro 15-20                                          0"
"Eva, St, Con",15,20,,,,,1,14,1,2,15,20,1,7,,,,,,,,,,"Eva, ST, Con    Con 1-14, Tem 1-2, Pre 15-20, Pro 15-20, Spo 1-7                                0"
"Eva, ST",15,20,,,,,1,14,1,2,15,20,8,20,,,,,,,,,,"Eva, ST         Con 1-14, Tem 1-2, Pre 15-20, Pro 15-20, Spo 8-20                               0"
"Eva, Vol, Con",15,20,,,,,1,14,3,6,15,20,1,7,,,,,,,,,,"Eva, Vol, Con   Con 1-14, Tem 3-6, Pre 15-20, Pro 15-20, Spo 1-7                                0"
"Eva, Vol",15,20,,,,,1,14,3,6,15,20,8,20,,,,,,,,,,"Eva, Vol        Con 1-14, Tem 3-6, Pre 15-20, Pro 15-20, Spo 8-20                               0"
"Eva, Con",15,20,,,,,1,14,7,7,15,20,1,7,,,,,,,,,,"Eva, Con        Con 1-14, Tem 7, Pre 15-20, Pro 15-20, Spo 1-7                                  0"
"Eva, Res",15,20,,,,,1,5,7,14,15,20,,,,,,,3,,,,,"Eva, Res        Con 1-5, Tem 7-14, Pre 15-20, Pro 15-20                                         34"
Eva,15,20,,,,,6,14,7,14,15,20,,,,,,,3,,,,,"Eva             Con 6-14, Tem 7-14, Pre 15-20, Pro 15-20                                        34"
,,,,,,,,,,,,,,,,,,,,,,,,
Unf,,,,,,,1,14,15,20,15,20,,,11,20,,,,,,,,"Unf             Con 1-14, Tem 15-20, Loy 11-20, Pre 15-20, (Spo 12-20 or Pro 13-14)             0"
"ST, Con",13,20,,,,,1,14,1,2,,,1,7,11,20,1,,,,,,,"ST, Con         Con 1-14, Tem 1-2, Loy 11-20,  Pro 13-20, Spo 1-7                               1"
ST,,,,,,,1,14,1,2,,,8,20,11,20,1,,,,,,,"ST              Con 1-14, Tem 1-2, Loy 11-20, Spo 8-20, (Spo 12-20 or Pro 13-20)                1"
"Vol, Con",13,20,,,,,1,14,3,6,,,1,7,11,20,1,,,,,,,"Vol, Con        Con 1-14, Tem 3-6, Loy 11-20, Pro 13-20, Spo 1-7                                1"
Vol,,,,,,,1,14,3,6,,,8,20,11,20,1,,,,,,,"Vol             Con 1-14, Tem 3-6, Loy 11-20, Spo 8-20, (Spo 12-20 or Pro 13-20)                1"
Con,13,20,,,,,1,14,7,7,,,1,7,11,20,1,,,,,,,"Con             Con 1-14, Tem 7, Loy 11-20, Pro 13-20                                           1"
Res,15,20,,,,,1,5,7,20,1,14,,,11,20,1,,3,,,,,"Res             Con 1-5, Tem 7-20, Loy 11-20, Pro 15-20, Pre 1-14                               13"
LH,,,,,,,1,14,7,20,,,,,11,20,1,,3,4,5,,,"LH              Con 1-14, Tem 7-20, Loy 11-20, (Spo 12-20 or Pro 13-20)                         1345"
,,,,,,,,,,,,,,,,,,,,,,,,
"MF, Unf",,,,,,,1,14,15,20,15,20,,,,,,2,,,,,,"MF, Unf         Con 1-14, Tem 15-20, Pre 15-20                                                  2"
"MF, ST, Con",,,,,,,1,14,1,2,,,1,7,,,1,2,,,,,,"MF, ST, Con     Con 1-14, Tem 1-2, Spo 1-7                                                      12"
"MF, ST",,,,,,,1,14,1,2,,,8,20,,,1,2,,,,,,"MF, ST          Con 1-14, Tem 1-2, Spo 8-20                                                     12"
"MF, Vol, Con",,,,,,,1,14,3,6,,,1,7,,,1,2,,,,,,"MF, Vol, Con    Con 1-14, Tem 3-6, Spo 1-7                                                      12"
"MF, Vol",,,,,,,1,14,3,6,,,8,20,,,1,2,,,,,,"MF, Vol         Con 1-14, Tem 3-6, Spo 8-20                                                     12"
"MF, Con",,,,,,,1,14,7,7,,,1,7,,,1,2,,,,,,"MF, Con         Con 1-14, Tem 7, Spo 1-7                                                        12"
"MF, Res",15,20,,,,,1,5,7,20,1,14,,,1,10,,,3,,,,,"MF, Res         Con 1-5, Tem 7-20, Pro 15-20, Loy 1-10, Pre 1-14                                34"
MF,,,,,,,1,14,7,20,,,,,,,1,2,3,4,5,,,"MF              Con 1-14, Tem 7-20                                                              12345"
,,,,,,,,,,,,,,,,,,,,,,,,
,,,,,,,,,,,,,,,,,,,,,,,,Not Evasive (1)         Pre 1-14 and/or Pro 1-14
,,,,,,,,,,,,,,,,,,,,,,,,Not Level-Headed (2)    Loy 1-10 and/or (both Spo 1-11 & Pro 1-12)
,,,,,,,,,,,,,,,,,,,,,,,,Not Confrontational (3) Tem 8-20 and/or Spo 8-20
,,,,,,,,,,,,,,,,,,,,,,,,Not Unflappable (4)     Tem 1-14 and/or Pre 1-14
,,,,,,,,,,,,,,,,,,,,,,,,Not Reserved (5)        Con 6-14 and/or Pro 1-14