Personality,Pro,,Det,,Amb,,Pre,,Tem,,Loy,,Spo,,Cases (det),,,,,,,Cases (other),,,,,,,
,,,,,,,,,,,,,,,1,2,3,4,5,6,7,*,1,2,3,4,5,6,
Ambitious,1,20,1,17,16,19,1,20,1,20,7,9,1,20,,2,,,,,,1,1,,,,,,X
Balanced,1,14,1,14,1,14,1,20,1,20,1,14,1,14,1,2,3,,5,,,1,,,3,,5,,X
Born Leader,1,20,20,20,1,20,1,20,1,20,1,20,1,20,,,,,,,,1,,,,,,,X
Casual,2,4,1,9,1,20,1,20,5,20,1,20,1,20,,,,,,,,,,,,,,,X
Charismatic Leader,1,20,1,20,1,20,1,20,18,20,1,20,18,20,,,,,,,,,,,,,,,X
Determined,1,20,18,20,1,11,1,20,1,20,1,20,1,20,,,,,,,,1,1,,,,,,X
Devoted,1,20,6,17,6,7,1,20,1,20,20,20,1,20,,2,,4,5,,,1,1,,,,,,X
Driven,1,20,18,20,12,20,1,20,1,20,1,20,1,20,,,,,,,,1,1,,,,,,X
Easily Discouraged,5,20,1,1,1,9,1,20,1,20,1,20,1,17,,,,,,,,1,1,,3,,,,X
Fairly Ambitious,1,14,1,14,15,20,1,20,1,20,1,20,1,20,,2,3,4,5,,,1,,,,,5,,X
Fairly Determined,1,14,15,17,1,20,1,16,1,20,1,20,5,20,,,,,,,,1,,,3,4,5,,X
Fairly Loyal,1,14,1,14,6,14,1,20,1,20,15,20,1,20,1,2,3,4,5,,,1,,,,4,5,,X
Fairly Professional,15,20,1,14,1,20,1,20,1,20,1,20,1,20,1,,3,4,5,,,,1,,3,4,5,6,X
Fairly Sporting,1,14,1,14,1,14,1,20,1,20,1,14,15,20,1,2,3,4,,,,1,,,3,,5,,X
Fickle,1,20,1,17,16,20,1,20,1,20,4,6,1,20,,2,,,,,,1,1,,,,,,X
Honest,5,20,1,9,1,20,1,20,1,20,1,20,20,20,,,,,,,,1,1,,3,,,,X
Iron Willed,1,20,15,17,1,20,20,20,1,20,1,20,5,20,,,,,,,,1,1,,3,4,,,X
Jovial,1,10,1,17,1,20,15,20,10,20,1,20,1,14,1,2,,,5,6,,,,,3,4,,,X
Leader,1,20,1,20,1,20,1,20,1,20,1,20,1,20,,,,,,,,1,,,,,,,X
Light-Hearted,1,17,1,17,1,20,15,20,10,20,1,20,15,20,1,2,,4,,6,,,,,3,4,,,X
Low Determination,5,20,2,5,1,9,1,20,1,20,1,20,1,17,,,,,,,,1,1,,3,,,,X
Low Self-Belief,5,20,1,9,1,20,2,3,1,20,1,20,1,17,1,,,,,,,1,1,,3,4,,,X
Loyal,1,20,6,17,6,7,1,20,1,20,18,19,1,20,,2,,4,5,,,1,1,,,,,,X
Mercenary,1,20,1,17,16,20,1,20,1,20,1,3,1,20,,2,,,,,,1,1,,,,,,X
Model Citizen,15,20,14,20,12,20,14,20,15,20,15,20,15,20,,,,,,,,,,,,,,,X
Model Professional,20,20,1,20,1,20,1,20,10,20,1,20,1,20,,,,,,,,,,,,,,,X
Perfectionist,14,20,14,20,14,20,1,20,1,9,1,20,1,20,,,,,,,,,,,,,,,X
Professional,18,20,1,20,1,20,1,20,10,20,1,20,1,20,,,,,,,,,,,,,,,X
Realist,1,20,11,17,1,20,1,20,1,20,1,20,2,4,,,,,,,,1,1,,3,,,,X
Resilient,1,20,15,17,1,20,17,19,1,20,1,20,5,20,,,,,,,,1,1,,3,4,,,X
Resolute,15,20,15,17,1,20,1,16,1,20,1,20,5,20,,,,,,,,,1,,3,4,5,6,X
Slack,1,1,1,9,1,20,1,20,5,20,1,20,1,20,,,,,,,,,,,,,,,X
Spineless,5,20,1,9,1,20,1,1,1,20,1,20,1,17,1,,,,,,,1,1,,3,4,,,X
Spirited,11,17,1,17,1,20,15,20,10,20,1,20,1,14,1,,,,5,6,,,,,3,4,,,X
Sporting,5,20,1,9,1,20,1,20,1,20,1,20,18,19,,,,,,,,1,1,,3,,,,X
Temperamental,1,10,1,20,1,20,1,20,1,4,1,20,1,20,,,,,,,,,,,,,,,X
Unambitious,1,20,1,17,1,5,1,20,1,20,11,20,1,20,,2,,,,,,1,1,,,,,,X
Unsporting,1,20,11,17,1,20,1,20,1,20,1,20,1,1,,,,,,,,1,1,,3,,,,X
Very Ambitious,1,20,1,17,20,20,1,20,1,20,7,9,1,20,,2,,,,,,1,1,,,,,,X
Very Loyal,1,20,6,17,6,7,1,20,1,20,20,20,1,20,,2,,4,5,,,1,1,,,,,,X