,,,,,,,,,,,,,,,,
,Personality,Spirited,,Hidden Attributes,,,,,,,,,,,,
,,,14,Professionalism,11,-,17,"How good a player attitude is to his match performance, training performance and career (an important attribute for young players and mentors)",,,,,,,,
,Media Handling Style,"MF, Unf",9,Determination,1,-,17,How much a player commits to succeed and do his very best on and off the pitch (an important attribute for young player and mentors),,,,,,,,
,,,10.5,Ambition,1,-,20,How much a player wants to achieve success (an important attribute for young player and mentors),,,,,,,,
,Determination,15,15.5,Pressure,15,-,16,How well a player copes with demanding situations,,,,,,,,
,,,17.5,Temperament,15,-,20,How disciplined a player's conduct is when events go against him,,,,,,,,
,Is newgen?,TRUE,10.5,Loyalty,1,-,20,How strong a player's allegiance to his current club is,,,,,,,,
,,,9.5,Sportsmanship,5,-,14,How ethical a player is,,,,,,,,
,,,7.5,Controversy,1,-,14,How outspoken a player is,,,,,,,,
,,,,,,,,,,,,,,,,
,,,,,,,,,,,,,,,,
,,,,,,,,,,,,,,,,
,,,,,,,,,,,,,,,,
,"A calculator that makes the job of searching through the spreadsheets for you.
",,,,,,,,,,,,,,,
,"To use this spreadhsheet, simply make a personal copy of it. Do not touch anything on the hidden tabs or you may break your calculator.",,,,,,,,,,,,,,,
,,,,,,,,,,,,,,,,
,Do you want to lean more about player development? Check on this video,,,,,,,,,,,,,,,
,,,,,,,,,,,,,,,,
,If you'd like you may support me by buying me a coffee,,,,,,,,,,,,,,,
,,,,,,,,,,,,,,,,
,,,,,,,,,,,,,,,,
,,,,,,,,,,,,,,,,
,,,,,,,,,,,,,,,,
,,,,Personality,,,,Model Prof,,Model Prof,,Model Prof,,Model Prof,,Model Prof
,,,,Media Handling,,,,Unf,,"Eva, Unf",,"Eva, Res",,Res,,Eva
,,,,Professionalism,,,,20 - 20,,20 - 20,,20 - 20,,20 - 20,,20 - 20
,,,,Determination,,,,01 - 20,,01 - 20,,01 - 20,,01 - 20,,01 - 20
,,,,Ambition,,,,01 - 20,,01 - 20,,01 - 20,,01 - 20,,01 - 20
,,,,Pressure,,,,15 - 20,,15 - 20,,15 - 20,,01 - 14,,15 - 20
,,,,Temperament,,,,15 - 20,,15 - 15,,10 - 14,,10 - 20,,10 - 14
,,,,Loyalty,,,,11 - 20,,01 - 20,,01 - 20,,11 - 20,,01 - 20
,,,,Sportsmanship,,,,01 - 20,,01 - 20,,01 - 20,,01 - 20,,01 - 20
,,,,Controversy,,,,01 - 14,,01 - 14,,01 - 05,,01 - 05,,06 - 14